--CRIAR BANCO DE DADOS
CREATE DATABASE MATERIA


--ENTRAR NO BANCO CRIADO
USE MATERIA


--USAR A MASTER PARA CONSEGUIR DROPAR O BANCO DE DADOS
USE MASTER


--DELETAR O BANCO DE DADOS
DROP DATABASE MATERIA


--CRIAR UM NOVO BANCO
CREATE DATABASE ESCOLA

DROP TABLE MATERIA
DROP TABLE PROFESSOR

USE ESCOLA

--CRIAR TABELA 
CREATE TABLE PROFESSOR(ID_PROFESSOR BIGINT PRIMARY KEY NOT NULL, 
					  NOME_PROFESSOR VARCHAR(50) NOT NULL,
					  RG_PROFESSOR VARCHAR(10) NOT NULL,
					  ENDERECO_PROFESSOR VARCHAR(100) NOT NULL)

CREATE TABLE MATERIA (ID_MATERIA BIGINT PRIMARY KEY NOT NULL,
					  NOME_MATERIA VARCHAR(50) NOT NULL,
					  ID_PROFESSOR BIGINT FOREIGN KEY REFERENCES PROFESSOR(ID_PROFESSOR))


INSERT INTO PROFESSOR(ID_PROFESSOR, NOME_PROFESSOR, RG_PROFESSOR)
VALUES (1, 'LUIX', '1234567890')

INSERT INTO PROFESSOR(ID_PROFESSOR, NOME_PROFESSOR, RG_PROFESSOR)
VALUES (2, 'GUILHERME', '0987654321')

INSERT INTO PROFESSOR(ID_PROFESSOR, NOME_PROFESSOR, RG_PROFESSOR)
VALUES (3, 'NEYMAR', '1234566543')

INSERT INTO PROFESSOR(ID_PROFESSOR, NOME_PROFESSOR, RG_PROFESSOR)
VALUES (4, 'DOUGLAS', '0987657098')

INSERT INTO PROFESSOR(ID_PROFESSOR, NOME_PROFESSOR, RG_PROFESSOR)
VALUES (5, 'VITOR', '1234523445')

INSERT INTO PROFESSOR(ID_PROFESSOR, NOME_PROFESSOR, RG_PROFESSOR)
VALUES (6, 'CAIO', '0987655463')

INSERT INTO PROFESSOR(ID_PROFESSOR, NOME_PROFESSOR, RG_PROFESSOR)
VALUES (7, 'LUCAS', '1234568745')

INSERT INTO PROFESSOR(ID_PROFESSOR, NOME_PROFESSOR, RG_PROFESSOR)
VALUES (8, 'GUILHERME S', '0987659045')

SELECT * FROM PROFESSOR

INSERT INTO MATERIA (ID_MATERIA, NOME_MATERIA, ID_PROFESSOR)
VALUES (1, 'POWER BI', 1)

INSERT INTO MATERIA (ID_MATERIA, NOME_MATERIA, ID_PROFESSOR)
VALUES (2, 'RPA', 2)

INSERT INTO MATERIA (ID_MATERIA, NOME_MATERIA, ID_PROFESSOR)
VALUES (3, 'SQL', 3)

INSERT INTO MATERIA (ID_MATERIA, NOME_MATERIA, ID_PROFESSOR)
VALUES (4, 'C#', 4)

INSERT INTO MATERIA (ID_MATERIA, NOME_MATERIA, ID_PROFESSOR)
VALUES (5, 'ANDROID', 5)

INSERT INTO MATERIA (ID_MATERIA, NOME_MATERIA, ID_PROFESSOR)
VALUES (6, 'SAS', 6)

INSERT INTO MATERIA (ID_MATERIA, NOME_MATERIA, ID_PROFESSOR)
VALUES (7, 'JAVA', 7)

INSERT INTO MATERIA (ID_MATERIA, NOME_MATERIA, ID_PROFESSOR)
VALUES (8, 'PHP', 8)




SELECT *
FROM MATERIA

									
SELECT *
FROM PROFESSOR
SELECT *
FROM MATERIA

SELECT *
FROM PROFESSOR
INNER JOIN MATERIA ON PROFESSOR.ID_PROFESSOR = MATERIA.ID_PROFESSOR
ORDER BY PROFESSOR.NOME_PROFESSOR



--ALTERAR TABELA
ALTER TABLE PROFESSOR
DROP COLUMN ENDERECO_PROFESSOR 

----OBSERVAR A TABELA----
--SELECT*FROM PROFESSOR
--SELECT*FROM ALUNO
--SELECT*FROM NOTA
--SELECT*FROM MATERIA 


--EXERCICIO CRIE 2 TABELAS ('ALUNO' E 'NOTA') E FAÇA UM FOREIGN KEY EM NOTA PARA ALUNO E MATERIA!





--RESPOSTA
CREATE TABLE ALUNO (ID_ALUNO BIGINT PRIMARY KEY NOT NULL, 
				    NOME_ALUNO VARCHAR(50) NOT NULL,
					RG_ALUNO VARCHAR(10) NOT NULL)
--DROP TABLE NOTA
CREATE TABLE NOTA (ID_NOTA BIGINT PRIMARY KEY NOT NULL, 
				   NOTA DECIMAL(3,1),
				   ID_MATERIA BIGINT FOREIGN KEY REFERENCES MATERIA(ID_MATERIA),
				   ID_ALUNO BIGINT FOREIGN KEY REFERENCES ALUNO(ID_ALUNO))

INSERT INTO ALUNO (ID_ALUNO, NOME_ALUNO, RG_ALUNO)
VALUES (1, 'JOSE', '1234567890')

INSERT INTO ALUNO (ID_ALUNO, NOME_ALUNO, RG_ALUNO)
VALUES (2, 'PAULO', '1234567890')

INSERT INTO ALUNO (ID_ALUNO, NOME_ALUNO, RG_ALUNO)
VALUES (3, 'CARLOS', '1234567890')

INSERT INTO ALUNO (ID_ALUNO, NOME_ALUNO, RG_ALUNO)
VALUES (4, 'LUCAS', '1234567345')

INSERT INTO ALUNO (ID_ALUNO, NOME_ALUNO, RG_ALUNO)
VALUES (5, 'FELIPE', '1234561453')

INSERT INTO ALUNO (ID_ALUNO, NOME_ALUNO, RG_ALUNO)
VALUES (6, 'LUCIANO', '1234567890')

INSERT INTO ALUNO (ID_ALUNO, NOME_ALUNO, RG_ALUNO)
VALUES (7, 'DANILO', '1234567890')

INSERT INTO ALUNO (ID_ALUNO, NOME_ALUNO, RG_ALUNO)
VALUES (8, 'ROGERIO', '1234567908')

INSERT INTO ALUNO (ID_ALUNO, NOME_ALUNO, RG_ALUNO)
VALUES (9, 'RICARDO', '1234567127')

INSERT INTO ALUNO (ID_ALUNO, NOME_ALUNO, RG_ALUNO)
VALUES (10, 'JONAS', '1234578451')

INSERT INTO ALUNO (ID_ALUNO, NOME_ALUNO, RG_ALUNO)
VALUES (11, 'AMAURICIO', '1234567865')

INSERT INTO ALUNO (ID_ALUNO, NOME_ALUNO, RG_ALUNO)
VALUES (12, 'MARCOS', '1234560986')

INSERT INTO ALUNO (ID_ALUNO, NOME_ALUNO, RG_ALUNO)
VALUES (13, 'MATHEUS', '1234560453')

INSERT INTO ALUNO (ID_ALUNO, NOME_ALUNO, RG_ALUNO)
VALUES (14, 'JADSON', '1234561853')

INSERT INTO ALUNO (ID_ALUNO, NOME_ALUNO, RG_ALUNO)
VALUES (15, 'XAVIER', '1234561678')



INSERT INTO NOTA (ID_NOTA, NOTA, ID_MATERIA, ID_ALUNO)
VALUES (1, 10, 1, 1)

INSERT INTO NOTA (ID_NOTA, NOTA, ID_MATERIA, ID_ALUNO)
VALUES (2, 5, 2, 1)

INSERT INTO NOTA (ID_NOTA, NOTA, ID_MATERIA, ID_ALUNO)
VALUES (3, 6, 3, 1)

INSERT INTO NOTA (ID_NOTA, NOTA, ID_MATERIA, ID_ALUNO)
VALUES (4, 10, 4, 1)

INSERT INTO NOTA (ID_NOTA, NOTA, ID_MATERIA, ID_ALUNO)
VALUES (5, 7.5, 5, 1)

INSERT INTO NOTA (ID_NOTA, NOTA, ID_MATERIA, ID_ALUNO)
VALUES (6, 8, 6, 1)

INSERT INTO NOTA (ID_NOTA, NOTA, ID_MATERIA, ID_ALUNO)
VALUES (7, 6, 7, 1)

INSERT INTO NOTA (ID_NOTA, NOTA, ID_MATERIA, ID_ALUNO)
VALUES (8, 7, 8, 1)

INSERT INTO NOTA (ID_NOTA, NOTA, ID_MATERIA, ID_ALUNO)
VALUES (9, 10, 1, 2)

INSERT INTO NOTA (ID_NOTA, NOTA, ID_MATERIA, ID_ALUNO)
VALUES (10, 5, 2, 2)

INSERT INTO NOTA (ID_NOTA, NOTA, ID_MATERIA, ID_ALUNO)
VALUES (11, 6, 3, 2)

INSERT INTO NOTA (ID_NOTA, NOTA, ID_MATERIA, ID_ALUNO)
VALUES (12, 10, 4, 2)

INSERT INTO NOTA (ID_NOTA, NOTA, ID_MATERIA, ID_ALUNO)
VALUES (13, 7.5, 5, 2)

INSERT INTO NOTA (ID_NOTA, NOTA, ID_MATERIA, ID_ALUNO)
VALUES (14, 8, 6, 2)

INSERT INTO NOTA (ID_NOTA, NOTA, ID_MATERIA, ID_ALUNO)
VALUES (15, 6, 7, 2)

INSERT INTO NOTA (ID_NOTA, NOTA, ID_MATERIA, ID_ALUNO)
VALUES (16, 7, 8, 2)

INSERT INTO NOTA (ID_NOTA, NOTA, ID_MATERIA, ID_ALUNO)
VALUES (17, 6, 1, 3)

INSERT INTO NOTA (ID_NOTA, NOTA, ID_MATERIA, ID_ALUNO)
VALUES (18, 10, 2, 3)

INSERT INTO NOTA (ID_NOTA, NOTA, ID_MATERIA, ID_ALUNO)
VALUES (19, 9, 3, 3)

INSERT INTO NOTA (ID_NOTA, NOTA, ID_MATERIA, ID_ALUNO)
VALUES (20, 6, 4, 3)

INSERT INTO NOTA (ID_NOTA, NOTA, ID_MATERIA, ID_ALUNO)
VALUES (21, 5.5, 5, 3)

INSERT INTO NOTA (ID_NOTA, NOTA, ID_MATERIA, ID_ALUNO)
VALUES (22, 7, 6, 3)

INSERT INTO NOTA (ID_NOTA, NOTA, ID_MATERIA, ID_ALUNO)
VALUES (23, 8, 7, 3)

INSERT INTO NOTA (ID_NOTA, NOTA, ID_MATERIA, ID_ALUNO)
VALUES (24, 5, 8, 3)

INSERT INTO NOTA VALUES(25, 8.8, 1, 4),
(26, 9, 2, 4),
(27, 6, 3, 4),
(28, 7, 4, 4),
(29, 5.9, 5, 4),
(30, 7.6, 6, 4),
(31, 8.5, 7, 4),
(32, 7, 8, 4),
(33, 9, 1, 5),
(34, 5, 2, 5),
(35, 6, 3, 5),
(36, 8, 4, 5),
(37, 6.5, 5, 5),
(38, 7.7, 6, 5),
(39, 8.3, 7, 5),
(40, 6.5, 8, 5);

SELECT*
FROM NOTA

DELETE FROM NOTA

----SELECT COM INNER JOIN--------------------------------------------------------------

-----CRIANDO UMA VIEW-----------------------------------------------------------------

-- FUNÇÕES DE AGRUPAMENTO (COUNT, AVG, SUM, MIN, MAX)




--DELETE FROM NOTA


